chromosome	gene_index
chr1	0
chr1	1
chr1	2
chr1	3
chr1	4
chr1	5
chr1	6
chr1	7
chr1	8
chr1	9
chr1	10
chr1	11
chr1	12
chr1	13
chr1	14
chr1	15
chr1	16
chr1	17
chr1	18
chr1	19
chr1	20
chr1	21
chr1	22
chr1	23
chr1	24
chr1	25
chr1	26
chr1	27
chr1	28
chr1	29
chr1	30
chr1	31
chr1	32
chr1	33
chr1	34
chr1	35
chr1	36
chr1	37
chr1	38
chr1	39
chr1	40
chr1	41
chr1	42
chr1	43
chr1	44
chr1	45
chr1	46
chr1	47
chr1	48
chr1	49
chr1	50
chr1	51
chr1	52
chr1	53
chr1	54
chr1	55
chr1	56
chr1	57
chr1	58
chr1	59
chr1	60
chr1	61
chr1	62
chr1	63
chr1	64
chr1	65
chr1	66
chr1	67
chr1	68
chr1	69
chr1	70
chr1	71
chr1	72
chr1	73
chr1	74
chr1	75
chr1	76
chr1	77
chr1	78
chr1	79
chr1	80
chr1	81
chr1	82
chr1	83
chr1	84
chr1	85
chr1	86
chr1	87
chr1	88
chr1	89
chr1	90
chr1	91
chr1	92
chr1	93
chr1	94
chr1	95
chr1	96
chr1	97
chr1	98
chr1	99
chr2	100
chr2	101
chr2	102
chr2	103
chr2	104
chr2	105
chr2	106
chr2	107
chr2	108
chr2	109
chr2	110
chr2	111
chr2	112
chr2	113
chr2	114
chr2	115
chr2	116
chr2	117
chr2	118
chr2	119
chr2	120
chr2	121
chr2	122
chr2	123
chr2	124
chr2	125
chr2	126
chr2	127
chr2	128
chr2	129
chr2	130
chr2	131
chr2	132
chr2	133
chr2	134
chr2	135
chr2	136
chr2	137
chr2	138
chr2	139
chr2	140
chr2	141
chr2	142
chr2	143
chr2	144
chr2	145
chr2	146
chr2	147
chr2	148
chr2	149
chr2	150
chr2	151
chr2	152
chr2	153
chr2	154
chr2	155
chr2	156
chr2	157
chr2	158
chr2	159
chr2	160
chr2	161
chr2	162
chr2	163
chr2	164
chr2	165
chr2	166
chr2	167
chr2	168
chr2	169
chr2	170
chr2	171
chr2	172
chr2	173
chr2	174
chr2	175
chr2	176
chr2	177
chr2	178
chr2	179
chr2	180
chr2	181
chr2	182
chr2	183
chr2	184
chr2	185
chr2	186
chr2	187
chr2	188
chr2	189
chr2	190
chr2	191
chr2	192
chr2	193
chr2	194
chr2	195
chr2	196
chr2	197
chr2	198
chr2	199
chr3	200
chr3	201
chr3	202
chr3	203
chr3	204
chr3	205
chr3	206
chr3	207
chr3	208
chr3	209
chr3	210
chr3	211
chr3	212
chr3	213
chr3	214
chr3	215
chr3	216
chr3	217
chr3	218
chr3	219
chr3	220
chr3	221
chr3	222
chr3	223
chr3	224
chr3	225
chr3	226
chr3	227
chr3	228
chr3	229
chr3	230
chr3	231
chr3	232
chr3	233
chr3	234
chr3	235
chr3	236
chr3	237
chr3	238
chr3	239
chr3	240
chr3	241
chr3	242
chr3	243
chr3	244
chr3	245
chr3	246
chr3	247
chr3	248
chr3	249
chr3	250
chr3	251
chr3	252
chr3	253
chr3	254
chr3	255
chr3	256
chr3	257
chr3	258
chr3	259
chr3	260
chr3	261
chr3	262
chr3	263
chr3	264
chr3	265
chr3	266
chr3	267
chr3	268
chr3	269
chr3	270
chr3	271
chr3	272
chr3	273
chr3	274
chr3	275
chr3	276
chr3	277
chr3	278
chr3	279
chr3	280
chr3	281
chr3	282
chr3	283
chr3	284
chr3	285
chr3	286
chr3	287
chr3	288
chr3	289
chr3	290
chr3	291
chr3	292
chr3	293
chr3	294
chr3	295
chr3	296
chr3	297
chr3	298
chr3	299
chr4	300
chr4	301
chr4	302
chr4	303
chr4	304
chr4	305
chr4	306
chr4	307
chr4	308
chr4	309
chr4	310
chr4	311
chr4	312
chr4	313
chr4	314
chr4	315
chr4	316
chr4	317
chr4	318
chr4	319
chr4	320
chr4	321
chr4	322
chr4	323
chr4	324
chr4	325
chr4	326
chr4	327
chr4	328
chr4	329
chr4	330
chr4	331
chr4	332
chr4	333
chr4	334
chr4	335
chr4	336
chr4	337
chr4	338
chr4	339
chr4	340
chr4	341
chr4	342
chr4	343
chr4	344
chr4	345
chr4	346
chr4	347
chr4	348
chr4	349
chr4	350
chr4	351
chr4	352
chr4	353
chr4	354
chr4	355
chr4	356
chr4	357
chr4	358
chr4	359
chr4	360
chr4	361
chr4	362
chr4	363
chr4	364
chr4	365
chr4	366
chr4	367
chr4	368
chr4	369
chr4	370
chr4	371
chr4	372
chr4	373
chr4	374
chr4	375
chr4	376
chr4	377
chr4	378
chr4	379
chr4	380
chr4	381
chr4	382
chr4	383
chr4	384
chr4	385
chr4	386
chr4	387
chr4	388
chr4	389
chr4	390
chr4	391
chr4	392
chr4	393
chr4	394
chr4	395
chr4	396
chr4	397
chr4	398
chr4	399
