chromosome	start	end
chr1	0	1000000
chr1	1000000	2000000
chr1	2000000	3000000
chr1	3000000	4000000
chr1	4000000	5000000
chr1	5000000	6000000
chr1	6000000	7000000
chr1	7000000	8000000
chr1	8000000	9000000
chr1	9000000	10000000
chr1	10000000	11000000
chr1	11000000	12000000
chr1	12000000	13000000
chr1	13000000	14000000
chr1	14000000	15000000
chr1	15000000	16000000
chr1	16000000	17000000
chr1	17000000	18000000
chr1	18000000	19000000
chr1	19000000	20000000
chr1	20000000	21000000
chr1	21000000	22000000
chr1	22000000	23000000
chr1	23000000	24000000
chr1	24000000	25000000
chr1	25000000	26000000
chr1	26000000	27000000
chr1	27000000	28000000
chr1	28000000	29000000
chr1	29000000	30000000
chr1	30000000	31000000
chr1	31000000	32000000
chr1	32000000	33000000
chr1	33000000	34000000
chr1	34000000	35000000
chr1	35000000	36000000
chr1	36000000	37000000
chr1	37000000	38000000
chr1	38000000	39000000
chr1	39000000	40000000
chr1	40000000	41000000
chr1	41000000	42000000
chr1	42000000	43000000
chr1	43000000	44000000
chr1	44000000	45000000
chr1	45000000	46000000
chr1	46000000	47000000
chr1	47000000	48000000
chr1	48000000	49000000
chr1	49000000	50000000
chr1	50000000	51000000
chr1	51000000	52000000
chr1	52000000	53000000
chr1	53000000	54000000
chr1	54000000	55000000
chr1	55000000	56000000
chr1	56000000	57000000
chr1	57000000	58000000
chr1	58000000	59000000
chr1	59000000	60000000
chr1	60000000	61000000
chr1	61000000	62000000
chr1	62000000	63000000
chr1	63000000	64000000
chr1	64000000	65000000
chr1	65000000	66000000
chr1	66000000	67000000
chr1	67000000	68000000
chr1	68000000	69000000
chr1	69000000	70000000
chr1	70000000	71000000
chr1	71000000	72000000
chr1	72000000	73000000
chr1	73000000	74000000
chr1	74000000	75000000
chr1	75000000	76000000
chr1	76000000	77000000
chr1	77000000	78000000
chr1	78000000	79000000
chr1	79000000	80000000
chr1	80000000	81000000
chr1	81000000	82000000
chr1	82000000	83000000
chr1	83000000	84000000
chr1	84000000	85000000
chr1	85000000	86000000
chr1	86000000	87000000
chr1	87000000	88000000
chr1	88000000	89000000
chr1	89000000	90000000
chr1	90000000	91000000
chr1	91000000	92000000
chr1	92000000	93000000
chr1	93000000	94000000
chr1	94000000	95000000
chr1	95000000	96000000
chr1	96000000	97000000
chr1	97000000	98000000
chr1	98000000	99000000
chr1	99000000	100000000
chr2	0	1000000
chr2	1000000	2000000
chr2	2000000	3000000
chr2	3000000	4000000
chr2	4000000	5000000
chr2	5000000	6000000
chr2	6000000	7000000
chr2	7000000	8000000
chr2	8000000	9000000
chr2	9000000	10000000
chr2	10000000	11000000
chr2	11000000	12000000
chr2	12000000	13000000
chr2	13000000	14000000
chr2	14000000	15000000
chr2	15000000	16000000
chr2	16000000	17000000
chr2	17000000	18000000
chr2	18000000	19000000
chr2	19000000	20000000
chr2	20000000	21000000
chr2	21000000	22000000
chr2	22000000	23000000
chr2	23000000	24000000
chr2	24000000	25000000
chr2	25000000	26000000
chr2	26000000	27000000
chr2	27000000	28000000
chr2	28000000	29000000
chr2	29000000	30000000
chr2	30000000	31000000
chr2	31000000	32000000
chr2	32000000	33000000
chr2	33000000	34000000
chr2	34000000	35000000
chr2	35000000	36000000
chr2	36000000	37000000
chr2	37000000	38000000
chr2	38000000	39000000
chr2	39000000	40000000
chr2	40000000	41000000
chr2	41000000	42000000
chr2	42000000	43000000
chr2	43000000	44000000
chr2	44000000	45000000
chr2	45000000	46000000
chr2	46000000	47000000
chr2	47000000	48000000
chr2	48000000	49000000
chr2	49000000	50000000
chr2	50000000	51000000
chr2	51000000	52000000
chr2	52000000	53000000
chr2	53000000	54000000
chr2	54000000	55000000
chr2	55000000	56000000
chr2	56000000	57000000
chr2	57000000	58000000
chr2	58000000	59000000
chr2	59000000	60000000
chr2	60000000	61000000
chr2	61000000	62000000
chr2	62000000	63000000
chr2	63000000	64000000
chr2	64000000	65000000
chr2	65000000	66000000
chr2	66000000	67000000
chr2	67000000	68000000
chr2	68000000	69000000
chr2	69000000	70000000
chr2	70000000	71000000
chr2	71000000	72000000
chr2	72000000	73000000
chr2	73000000	74000000
chr2	74000000	75000000
chr2	75000000	76000000
chr2	76000000	77000000
chr2	77000000	78000000
chr2	78000000	79000000
chr2	79000000	80000000
chr2	80000000	81000000
chr2	81000000	82000000
chr2	82000000	83000000
chr2	83000000	84000000
chr2	84000000	85000000
chr2	85000000	86000000
chr2	86000000	87000000
chr2	87000000	88000000
chr2	88000000	89000000
chr2	89000000	90000000
chr2	90000000	91000000
chr2	91000000	92000000
chr2	92000000	93000000
chr2	93000000	94000000
chr2	94000000	95000000
chr2	95000000	96000000
chr2	96000000	97000000
chr2	97000000	98000000
chr2	98000000	99000000
chr2	99000000	100000000
chr3	0	1000000
chr3	1000000	2000000
chr3	2000000	3000000
chr3	3000000	4000000
chr3	4000000	5000000
chr3	5000000	6000000
chr3	6000000	7000000
chr3	7000000	8000000
chr3	8000000	9000000
chr3	9000000	10000000
chr3	10000000	11000000
chr3	11000000	12000000
chr3	12000000	13000000
chr3	13000000	14000000
chr3	14000000	15000000
chr3	15000000	16000000
chr3	16000000	17000000
chr3	17000000	18000000
chr3	18000000	19000000
chr3	19000000	20000000
chr3	20000000	21000000
chr3	21000000	22000000
chr3	22000000	23000000
chr3	23000000	24000000
chr3	24000000	25000000
chr3	25000000	26000000
chr3	26000000	27000000
chr3	27000000	28000000
chr3	28000000	29000000
chr3	29000000	30000000
chr3	30000000	31000000
chr3	31000000	32000000
chr3	32000000	33000000
chr3	33000000	34000000
chr3	34000000	35000000
chr3	35000000	36000000
chr3	36000000	37000000
chr3	37000000	38000000
chr3	38000000	39000000
chr3	39000000	40000000
chr3	40000000	41000000
chr3	41000000	42000000
chr3	42000000	43000000
chr3	43000000	44000000
chr3	44000000	45000000
chr3	45000000	46000000
chr3	46000000	47000000
chr3	47000000	48000000
chr3	48000000	49000000
chr3	49000000	50000000
chr3	50000000	51000000
chr3	51000000	52000000
chr3	52000000	53000000
chr3	53000000	54000000
chr3	54000000	55000000
chr3	55000000	56000000
chr3	56000000	57000000
chr3	57000000	58000000
chr3	58000000	59000000
chr3	59000000	60000000
chr3	60000000	61000000
chr3	61000000	62000000
chr3	62000000	63000000
chr3	63000000	64000000
chr3	64000000	65000000
chr3	65000000	66000000
chr3	66000000	67000000
chr3	67000000	68000000
chr3	68000000	69000000
chr3	69000000	70000000
chr3	70000000	71000000
chr3	71000000	72000000
chr3	72000000	73000000
chr3	73000000	74000000
chr3	74000000	75000000
chr3	75000000	76000000
chr3	76000000	77000000
chr3	77000000	78000000
chr3	78000000	79000000
chr3	79000000	80000000
chr3	80000000	81000000
chr3	81000000	82000000
chr3	82000000	83000000
chr3	83000000	84000000
chr3	84000000	85000000
chr3	85000000	86000000
chr3	86000000	87000000
chr3	87000000	88000000
chr3	88000000	89000000
chr3	89000000	90000000
chr3	90000000	91000000
chr3	91000000	92000000
chr3	92000000	93000000
chr3	93000000	94000000
chr3	94000000	95000000
chr3	95000000	96000000
chr3	96000000	97000000
chr3	97000000	98000000
chr3	98000000	99000000
chr3	99000000	100000000
chr4	0	1000000
chr4	1000000	2000000
chr4	2000000	3000000
chr4	3000000	4000000
chr4	4000000	5000000
chr4	5000000	6000000
chr4	6000000	7000000
chr4	7000000	8000000
chr4	8000000	9000000
chr4	9000000	10000000
chr4	10000000	11000000
chr4	11000000	12000000
chr4	12000000	13000000
chr4	13000000	14000000
chr4	14000000	15000000
chr4	15000000	16000000
chr4	16000000	17000000
chr4	17000000	18000000
chr4	18000000	19000000
chr4	19000000	20000000
chr4	20000000	21000000
chr4	21000000	22000000
chr4	22000000	23000000
chr4	23000000	24000000
chr4	24000000	25000000
chr4	25000000	26000000
chr4	26000000	27000000
chr4	27000000	28000000
chr4	28000000	29000000
chr4	29000000	30000000
chr4	30000000	31000000
chr4	31000000	32000000
chr4	32000000	33000000
chr4	33000000	34000000
chr4	34000000	35000000
chr4	35000000	36000000
chr4	36000000	37000000
chr4	37000000	38000000
chr4	38000000	39000000
chr4	39000000	40000000
chr4	40000000	41000000
chr4	41000000	42000000
chr4	42000000	43000000
chr4	43000000	44000000
chr4	44000000	45000000
chr4	45000000	46000000
chr4	46000000	47000000
chr4	47000000	48000000
chr4	48000000	49000000
chr4	49000000	50000000
chr4	50000000	51000000
chr4	51000000	52000000
chr4	52000000	53000000
chr4	53000000	54000000
chr4	54000000	55000000
chr4	55000000	56000000
chr4	56000000	57000000
chr4	57000000	58000000
chr4	58000000	59000000
chr4	59000000	60000000
chr4	60000000	61000000
chr4	61000000	62000000
chr4	62000000	63000000
chr4	63000000	64000000
chr4	64000000	65000000
chr4	65000000	66000000
chr4	66000000	67000000
chr4	67000000	68000000
chr4	68000000	69000000
chr4	69000000	70000000
chr4	70000000	71000000
chr4	71000000	72000000
chr4	72000000	73000000
chr4	73000000	74000000
chr4	74000000	75000000
chr4	75000000	76000000
chr4	76000000	77000000
chr4	77000000	78000000
chr4	78000000	79000000
chr4	79000000	80000000
chr4	80000000	81000000
chr4	81000000	82000000
chr4	82000000	83000000
chr4	83000000	84000000
chr4	84000000	85000000
chr4	85000000	86000000
chr4	86000000	87000000
chr4	87000000	88000000
chr4	88000000	89000000
chr4	89000000	90000000
chr4	90000000	91000000
chr4	91000000	92000000
chr4	92000000	93000000
chr4	93000000	94000000
chr4	94000000	95000000
chr4	95000000	96000000
chr4	96000000	97000000
chr4	97000000	98000000
chr4	98000000	99000000
chr4	99000000	100000000
