	1	2	3	4
reference | R1	0	0	0	0
reference | R2	0	0	0	0
reference | R3	0	0	0	0
reference | R4	0	0	0	0
reference | R5	0	0	0	0
reference | R6	0	0	0	0
reference | R7	0	0	0	0
reference | R8	0	0	0	0
reference | R9	0	0	0	0
reference | R10	0	0	0	0
reference | R11	0	0	0	0
reference | R12	0	0	0	0
observation | O1	0	0.98	-0.98	0.02
observation | O2	0	0.98	-0.98	0.02
observation | O3	0	0.98	-0.98	0.02
observation | O4	0	0.98	-0.98	0.02
observation | O5	0	0.98	-0.98	0.02
observation | O6	0	0.98	-0.98	0.02
observation | O7	0	0.98	-0.98	0.02
observation | O8	0	0.98	-0.98	0.02
observation | O9	0	0.98	-0.98	0.02
observation | O10	0	0.98	-0.98	0.02
observation | O11	0	0.98	-0.98	0.02
observation | O12	0	0.98	-0.98	0.02
observation | O13	0	0.98	-0.98	0.02
observation | O14	0	0.98	-0.98	0.02
observation | O15	0	0.98	-0.98	0.02
observation | O16	0	0.98	-0.98	0.02
observation | O17	0	0.98	-0.98	0.02
observation | O18	0	0.98	-0.98	0.02
observation | O19	0	0.98	-0.98	0.02
observation | O20	0	0.98	-0.98	0.02
observation | O21	0	0.98	-0.98	0.02
observation | O22	0	0.98	-0.98	0.02
observation | O23	0	0.98	-0.98	0.02
observation | O24	0	0.98	-0.98	0.02
