modality	file	bytes	sha256	generated_at_utc
scATAC	scATAC_burden_status_figure.pdf	62179	e0499366a12f783e0b79ae4a90e0e3cad2cb659380860a885f9689f1559c99ce	2026-09-28T10:15:28.957741+00:00
scATAC	scATAC_burden_status_figure.png	182216	ee14f3beb27a1c0f0cba37829ab6f4698d05ab029141640601016afefe91d5d7	2026-09-28T10:15:28.957741+00:00
scATAC	scATAC_burden_status_figure.svg	153471	5cd8aae002f469e69e353bc21f59e616ebbfd1fe66b5bb89631c02d46dd7ed1c	2026-09-28T10:15:28.957741+00:00
scATAC	scATAC_burden_status_figure.tiff	1582320	eed7580d2d59cb973537175943de26db94d27c0820622cccd0c21ef8cdafbf84	2026-09-28T10:15:28.957741+00:00
scATAC	scATAC_chromosome_alteration.tsv	1143	0ef12c9a9b54e4992856a94a9f5f4a681c0864a03f733ce6ee1db5a448fc6bda	2026-09-28T10:15:28.957741+00:00
scATAC	scATAC_chromosome_alteration_heatmap.pdf	53971	e7888654278760f07c346f29171b9fb6d66c8d7bb3eab14f15073b3dc880ece1	2026-09-28T10:15:28.957741+00:00
scATAC	scATAC_chromosome_alteration_heatmap.png	136711	fb90c6dbd6a67885fb6e473363c327930ba18eb843b81672c210c10ac75c405d	2026-09-28T10:15:28.957741+00:00
scATAC	scATAC_chromosome_alteration_heatmap.svg	97327	d88bb4d0faf8efe37cc01ce03ad7a3837e4c9650b9c7f66611261335b5a21b3a	2026-09-28T10:15:28.957741+00:00
scATAC	scATAC_chromosome_alteration_heatmap.tiff	2970796	eeddc80759b6d46b54520a445ad3bbda1497f23f34679ed319564fe99bbea2af	2026-09-28T10:15:28.957741+00:00
scATAC	scATAC_group_direction.tsv.gz	1258	5b157e80dc9140dfb557a2cb3e5f8d836936df03533c3095249149381c31317e	2026-09-28T10:15:28.957741+00:00
scATAC	scATAC_group_summary_heatmap.pdf	64927	b94dcf8c0209e9ec97e8779294654872b7cfe5dc5f7f45b9d70739019f701cfc	2026-09-28T10:15:28.957741+00:00
scATAC	scATAC_group_summary_heatmap.png	146991	50fa1c17e779f9df7e4fa0b64ca188ae53ff01241def1742d492eb5382c0df15	2026-09-28T10:15:28.957741+00:00
scATAC	scATAC_group_summary_heatmap.svg	129264	8c562d94a4d5173485d34d4d5ad8274949d452a5dfb4baabe1c0f49406a57f5c	2026-09-28T10:15:28.957741+00:00
scATAC	scATAC_group_summary_heatmap.tiff	2730466	846b26347db3142a0ea2777fa820c802b64108bda6ebdb0090a4880e5b3c9948	2026-09-28T10:15:28.957741+00:00
scATAC	scATAC_heatmap_README.txt	415	0bdec2095b2a10b61a56804873517d2d87170a736ab1ed0e92a25d92f79589d4	2026-09-28T10:15:28.957741+00:00
scATAC	scATAC_heatmap_columns.tsv	9125	88e2ce73ae461ccda70786f4e521618eee1469e113d5baad4f9e55e1389894cd	2026-09-28T10:15:28.957741+00:00
scATAC	scATAC_heatmap_metadata.json	1949	e7980fd198091d9d7fc1e476c8fbad7c35a7eed17b1e8c7e2814d83ccf2ca870	2026-09-28T10:15:28.957741+00:00
scATAC	scATAC_heatmap_rows.tsv	3530	69d215ba96db5e5b89242a0bc4d2510a3146944603059009bb9e2c7baf949a98	2026-09-28T10:15:28.957741+00:00
scATAC	scATAC_heatmap_source.npz	955	446cc6061ae5c7331da47c07d52c9bf0bff6bbf264985b1d4b8694fec9434eda	2026-09-28T10:15:28.957741+00:00
scATAC	scATAC_professional_cnv_heatmap.pdf	60043	edcfaba3efa89915cbe60041ce1e197d8e7dd07e8cdd4213a127763d51db0a1c	2026-09-28T10:15:28.957741+00:00
scATAC	scATAC_professional_cnv_heatmap.png	199248	14832a5b7fb453caacb9005c3ae15910333c753e3878040ebe02a132037fe2b1	2026-09-28T10:15:28.957741+00:00
scATAC	scATAC_professional_cnv_heatmap.svg	128207	12c176033c4c92facad51273814eee42b58eaa9ad44a629001033c1f94d5f6d2	2026-09-28T10:15:28.957741+00:00
scATAC	scATAC_professional_cnv_heatmap.tiff	2127604	0d5c01ec78671008cb7d265e2d6e31985c5eb84c71d2c6de52e78de793380afe	2026-09-28T10:15:28.957741+00:00
