chromosome	source_start	source_end	feature_count	start	end
chr1	0	1	1	0	1000000
chr1	1	2	1	1000000	2000000
chr1	2	3	1	2000000	3000000
chr1	3	4	1	3000000	4000000
chr1	4	5	1	4000000	5000000
chr1	5	6	1	5000000	6000000
chr1	6	7	1	6000000	7000000
chr1	7	8	1	7000000	8000000
chr1	8	9	1	8000000	9000000
chr1	9	10	1	9000000	10000000
chr1	10	11	1	10000000	11000000
chr1	11	12	1	11000000	12000000
chr1	12	13	1	12000000	13000000
chr1	13	14	1	13000000	14000000
chr1	14	15	1	14000000	15000000
chr1	15	16	1	15000000	16000000
chr1	16	17	1	16000000	17000000
chr1	17	18	1	17000000	18000000
chr1	18	19	1	18000000	19000000
chr1	19	20	1	19000000	20000000
chr1	20	21	1	20000000	21000000
chr1	21	22	1	21000000	22000000
chr1	22	23	1	22000000	23000000
chr1	23	24	1	23000000	24000000
chr1	24	25	1	24000000	25000000
chr1	25	26	1	25000000	26000000
chr1	26	27	1	26000000	27000000
chr1	27	28	1	27000000	28000000
chr1	28	29	1	28000000	29000000
chr1	29	30	1	29000000	30000000
chr1	30	31	1	30000000	31000000
chr1	31	32	1	31000000	32000000
chr1	32	33	1	32000000	33000000
chr1	33	34	1	33000000	34000000
chr1	34	35	1	34000000	35000000
chr1	35	36	1	35000000	36000000
chr1	36	37	1	36000000	37000000
chr1	37	38	1	37000000	38000000
chr1	38	39	1	38000000	39000000
chr1	39	40	1	39000000	40000000
chr1	40	41	1	40000000	41000000
chr1	41	42	1	41000000	42000000
chr1	42	43	1	42000000	43000000
chr1	43	44	1	43000000	44000000
chr1	44	45	1	44000000	45000000
chr1	45	46	1	45000000	46000000
chr1	46	47	1	46000000	47000000
chr1	47	48	1	47000000	48000000
chr1	48	49	1	48000000	49000000
chr1	49	50	1	49000000	50000000
chr1	50	51	1	50000000	51000000
chr1	51	52	1	51000000	52000000
chr1	52	53	1	52000000	53000000
chr1	53	54	1	53000000	54000000
chr1	54	55	1	54000000	55000000
chr1	55	56	1	55000000	56000000
chr1	56	57	1	56000000	57000000
chr1	57	58	1	57000000	58000000
chr1	58	59	1	58000000	59000000
chr1	59	60	1	59000000	60000000
chr1	60	61	1	60000000	61000000
chr1	61	62	1	61000000	62000000
chr1	62	63	1	62000000	63000000
chr1	63	64	1	63000000	64000000
chr1	64	65	1	64000000	65000000
chr1	65	66	1	65000000	66000000
chr1	66	67	1	66000000	67000000
chr1	67	68	1	67000000	68000000
chr1	68	69	1	68000000	69000000
chr1	69	70	1	69000000	70000000
chr1	70	71	1	70000000	71000000
chr1	71	72	1	71000000	72000000
chr1	72	73	1	72000000	73000000
chr1	73	74	1	73000000	74000000
chr1	74	75	1	74000000	75000000
chr1	75	76	1	75000000	76000000
chr1	76	77	1	76000000	77000000
chr1	77	78	1	77000000	78000000
chr1	78	79	1	78000000	79000000
chr1	79	80	1	79000000	80000000
chr1	80	81	1	80000000	81000000
chr1	81	82	1	81000000	82000000
chr1	82	83	1	82000000	83000000
chr1	83	84	1	83000000	84000000
chr1	84	85	1	84000000	85000000
chr1	85	86	1	85000000	86000000
chr1	86	87	1	86000000	87000000
chr1	87	88	1	87000000	88000000
chr1	88	89	1	88000000	89000000
chr1	89	90	1	89000000	90000000
chr1	90	91	1	90000000	91000000
chr1	91	92	1	91000000	92000000
chr1	92	93	1	92000000	93000000
chr1	93	94	1	93000000	94000000
chr1	94	95	1	94000000	95000000
chr1	95	96	1	95000000	96000000
chr1	96	97	1	96000000	97000000
chr1	97	98	1	97000000	98000000
chr1	98	99	1	98000000	99000000
chr1	99	100	1	99000000	100000000
chr2	100	101	1	0	1000000
chr2	101	102	1	1000000	2000000
chr2	102	103	1	2000000	3000000
chr2	103	104	1	3000000	4000000
chr2	104	105	1	4000000	5000000
chr2	105	106	1	5000000	6000000
chr2	106	107	1	6000000	7000000
chr2	107	108	1	7000000	8000000
chr2	108	109	1	8000000	9000000
chr2	109	110	1	9000000	10000000
chr2	110	111	1	10000000	11000000
chr2	111	112	1	11000000	12000000
chr2	112	113	1	12000000	13000000
chr2	113	114	1	13000000	14000000
chr2	114	115	1	14000000	15000000
chr2	115	116	1	15000000	16000000
chr2	116	117	1	16000000	17000000
chr2	117	118	1	17000000	18000000
chr2	118	119	1	18000000	19000000
chr2	119	120	1	19000000	20000000
chr2	120	121	1	20000000	21000000
chr2	121	122	1	21000000	22000000
chr2	122	123	1	22000000	23000000
chr2	123	124	1	23000000	24000000
chr2	124	125	1	24000000	25000000
chr2	125	126	1	25000000	26000000
chr2	126	127	1	26000000	27000000
chr2	127	128	1	27000000	28000000
chr2	128	129	1	28000000	29000000
chr2	129	130	1	29000000	30000000
chr2	130	131	1	30000000	31000000
chr2	131	132	1	31000000	32000000
chr2	132	133	1	32000000	33000000
chr2	133	134	1	33000000	34000000
chr2	134	135	1	34000000	35000000
chr2	135	136	1	35000000	36000000
chr2	136	137	1	36000000	37000000
chr2	137	138	1	37000000	38000000
chr2	138	139	1	38000000	39000000
chr2	139	140	1	39000000	40000000
chr2	140	141	1	40000000	41000000
chr2	141	142	1	41000000	42000000
chr2	142	143	1	42000000	43000000
chr2	143	144	1	43000000	44000000
chr2	144	145	1	44000000	45000000
chr2	145	146	1	45000000	46000000
chr2	146	147	1	46000000	47000000
chr2	147	148	1	47000000	48000000
chr2	148	149	1	48000000	49000000
chr2	149	150	1	49000000	50000000
chr2	150	151	1	50000000	51000000
chr2	151	152	1	51000000	52000000
chr2	152	153	1	52000000	53000000
chr2	153	154	1	53000000	54000000
chr2	154	155	1	54000000	55000000
chr2	155	156	1	55000000	56000000
chr2	156	157	1	56000000	57000000
chr2	157	158	1	57000000	58000000
chr2	158	159	1	58000000	59000000
chr2	159	160	1	59000000	60000000
chr2	160	161	1	60000000	61000000
chr2	161	162	1	61000000	62000000
chr2	162	163	1	62000000	63000000
chr2	163	164	1	63000000	64000000
chr2	164	165	1	64000000	65000000
chr2	165	166	1	65000000	66000000
chr2	166	167	1	66000000	67000000
chr2	167	168	1	67000000	68000000
chr2	168	169	1	68000000	69000000
chr2	169	170	1	69000000	70000000
chr2	170	171	1	70000000	71000000
chr2	171	172	1	71000000	72000000
chr2	172	173	1	72000000	73000000
chr2	173	174	1	73000000	74000000
chr2	174	175	1	74000000	75000000
chr2	175	176	1	75000000	76000000
chr2	176	177	1	76000000	77000000
chr2	177	178	1	77000000	78000000
chr2	178	179	1	78000000	79000000
chr2	179	180	1	79000000	80000000
chr2	180	181	1	80000000	81000000
chr2	181	182	1	81000000	82000000
chr2	182	183	1	82000000	83000000
chr2	183	184	1	83000000	84000000
chr2	184	185	1	84000000	85000000
chr2	185	186	1	85000000	86000000
chr2	186	187	1	86000000	87000000
chr2	187	188	1	87000000	88000000
chr2	188	189	1	88000000	89000000
chr2	189	190	1	89000000	90000000
chr2	190	191	1	90000000	91000000
chr2	191	192	1	91000000	92000000
chr2	192	193	1	92000000	93000000
chr2	193	194	1	93000000	94000000
chr2	194	195	1	94000000	95000000
chr2	195	196	1	95000000	96000000
chr2	196	197	1	96000000	97000000
chr2	197	198	1	97000000	98000000
chr2	198	199	1	98000000	99000000
chr2	199	200	1	99000000	100000000
chr3	200	201	1	0	1000000
chr3	201	202	1	1000000	2000000
chr3	202	203	1	2000000	3000000
chr3	203	204	1	3000000	4000000
chr3	204	205	1	4000000	5000000
chr3	205	206	1	5000000	6000000
chr3	206	207	1	6000000	7000000
chr3	207	208	1	7000000	8000000
chr3	208	209	1	8000000	9000000
chr3	209	210	1	9000000	10000000
chr3	210	211	1	10000000	11000000
chr3	211	212	1	11000000	12000000
chr3	212	213	1	12000000	13000000
chr3	213	214	1	13000000	14000000
chr3	214	215	1	14000000	15000000
chr3	215	216	1	15000000	16000000
chr3	216	217	1	16000000	17000000
chr3	217	218	1	17000000	18000000
chr3	218	219	1	18000000	19000000
chr3	219	220	1	19000000	20000000
chr3	220	221	1	20000000	21000000
chr3	221	222	1	21000000	22000000
chr3	222	223	1	22000000	23000000
chr3	223	224	1	23000000	24000000
chr3	224	225	1	24000000	25000000
chr3	225	226	1	25000000	26000000
chr3	226	227	1	26000000	27000000
chr3	227	228	1	27000000	28000000
chr3	228	229	1	28000000	29000000
chr3	229	230	1	29000000	30000000
chr3	230	231	1	30000000	31000000
chr3	231	232	1	31000000	32000000
chr3	232	233	1	32000000	33000000
chr3	233	234	1	33000000	34000000
chr3	234	235	1	34000000	35000000
chr3	235	236	1	35000000	36000000
chr3	236	237	1	36000000	37000000
chr3	237	238	1	37000000	38000000
chr3	238	239	1	38000000	39000000
chr3	239	240	1	39000000	40000000
chr3	240	241	1	40000000	41000000
chr3	241	242	1	41000000	42000000
chr3	242	243	1	42000000	43000000
chr3	243	244	1	43000000	44000000
chr3	244	245	1	44000000	45000000
chr3	245	246	1	45000000	46000000
chr3	246	247	1	46000000	47000000
chr3	247	248	1	47000000	48000000
chr3	248	249	1	48000000	49000000
chr3	249	250	1	49000000	50000000
chr3	250	251	1	50000000	51000000
chr3	251	252	1	51000000	52000000
chr3	252	253	1	52000000	53000000
chr3	253	254	1	53000000	54000000
chr3	254	255	1	54000000	55000000
chr3	255	256	1	55000000	56000000
chr3	256	257	1	56000000	57000000
chr3	257	258	1	57000000	58000000
chr3	258	259	1	58000000	59000000
chr3	259	260	1	59000000	60000000
chr3	260	261	1	60000000	61000000
chr3	261	262	1	61000000	62000000
chr3	262	263	1	62000000	63000000
chr3	263	264	1	63000000	64000000
chr3	264	265	1	64000000	65000000
chr3	265	266	1	65000000	66000000
chr3	266	267	1	66000000	67000000
chr3	267	268	1	67000000	68000000
chr3	268	269	1	68000000	69000000
chr3	269	270	1	69000000	70000000
chr3	270	271	1	70000000	71000000
chr3	271	272	1	71000000	72000000
chr3	272	273	1	72000000	73000000
chr3	273	274	1	73000000	74000000
chr3	274	275	1	74000000	75000000
chr3	275	276	1	75000000	76000000
chr3	276	277	1	76000000	77000000
chr3	277	278	1	77000000	78000000
chr3	278	279	1	78000000	79000000
chr3	279	280	1	79000000	80000000
chr3	280	281	1	80000000	81000000
chr3	281	282	1	81000000	82000000
chr3	282	283	1	82000000	83000000
chr3	283	284	1	83000000	84000000
chr3	284	285	1	84000000	85000000
chr3	285	286	1	85000000	86000000
chr3	286	287	1	86000000	87000000
chr3	287	288	1	87000000	88000000
chr3	288	289	1	88000000	89000000
chr3	289	290	1	89000000	90000000
chr3	290	291	1	90000000	91000000
chr3	291	292	1	91000000	92000000
chr3	292	293	1	92000000	93000000
chr3	293	294	1	93000000	94000000
chr3	294	295	1	94000000	95000000
chr3	295	296	1	95000000	96000000
chr3	296	297	1	96000000	97000000
chr3	297	298	1	97000000	98000000
chr3	298	299	1	98000000	99000000
chr3	299	300	1	99000000	100000000
chr4	300	301	1	0	1000000
chr4	301	302	1	1000000	2000000
chr4	302	303	1	2000000	3000000
chr4	303	304	1	3000000	4000000
chr4	304	305	1	4000000	5000000
chr4	305	306	1	5000000	6000000
chr4	306	307	1	6000000	7000000
chr4	307	308	1	7000000	8000000
chr4	308	309	1	8000000	9000000
chr4	309	310	1	9000000	10000000
chr4	310	311	1	10000000	11000000
chr4	311	312	1	11000000	12000000
chr4	312	313	1	12000000	13000000
chr4	313	314	1	13000000	14000000
chr4	314	315	1	14000000	15000000
chr4	315	316	1	15000000	16000000
chr4	316	317	1	16000000	17000000
chr4	317	318	1	17000000	18000000
chr4	318	319	1	18000000	19000000
chr4	319	320	1	19000000	20000000
chr4	320	321	1	20000000	21000000
chr4	321	322	1	21000000	22000000
chr4	322	323	1	22000000	23000000
chr4	323	324	1	23000000	24000000
chr4	324	325	1	24000000	25000000
chr4	325	326	1	25000000	26000000
chr4	326	327	1	26000000	27000000
chr4	327	328	1	27000000	28000000
chr4	328	329	1	28000000	29000000
chr4	329	330	1	29000000	30000000
chr4	330	331	1	30000000	31000000
chr4	331	332	1	31000000	32000000
chr4	332	333	1	32000000	33000000
chr4	333	334	1	33000000	34000000
chr4	334	335	1	34000000	35000000
chr4	335	336	1	35000000	36000000
chr4	336	337	1	36000000	37000000
chr4	337	338	1	37000000	38000000
chr4	338	339	1	38000000	39000000
chr4	339	340	1	39000000	40000000
chr4	340	341	1	40000000	41000000
chr4	341	342	1	41000000	42000000
chr4	342	343	1	42000000	43000000
chr4	343	344	1	43000000	44000000
chr4	344	345	1	44000000	45000000
chr4	345	346	1	45000000	46000000
chr4	346	347	1	46000000	47000000
chr4	347	348	1	47000000	48000000
chr4	348	349	1	48000000	49000000
chr4	349	350	1	49000000	50000000
chr4	350	351	1	50000000	51000000
chr4	351	352	1	51000000	52000000
chr4	352	353	1	52000000	53000000
chr4	353	354	1	53000000	54000000
chr4	354	355	1	54000000	55000000
chr4	355	356	1	55000000	56000000
chr4	356	357	1	56000000	57000000
chr4	357	358	1	57000000	58000000
chr4	358	359	1	58000000	59000000
chr4	359	360	1	59000000	60000000
chr4	360	361	1	60000000	61000000
chr4	361	362	1	61000000	62000000
chr4	362	363	1	62000000	63000000
chr4	363	364	1	63000000	64000000
chr4	364	365	1	64000000	65000000
chr4	365	366	1	65000000	66000000
chr4	366	367	1	66000000	67000000
chr4	367	368	1	67000000	68000000
chr4	368	369	1	68000000	69000000
chr4	369	370	1	69000000	70000000
chr4	370	371	1	70000000	71000000
chr4	371	372	1	71000000	72000000
chr4	372	373	1	72000000	73000000
chr4	373	374	1	73000000	74000000
chr4	374	375	1	74000000	75000000
chr4	375	376	1	75000000	76000000
chr4	376	377	1	76000000	77000000
chr4	377	378	1	77000000	78000000
chr4	378	379	1	78000000	79000000
chr4	379	380	1	79000000	80000000
chr4	380	381	1	80000000	81000000
chr4	381	382	1	81000000	82000000
chr4	382	383	1	82000000	83000000
chr4	383	384	1	83000000	84000000
chr4	384	385	1	84000000	85000000
chr4	385	386	1	85000000	86000000
chr4	386	387	1	86000000	87000000
chr4	387	388	1	87000000	88000000
chr4	388	389	1	88000000	89000000
chr4	389	390	1	89000000	90000000
chr4	390	391	1	90000000	91000000
chr4	391	392	1	91000000	92000000
chr4	392	393	1	92000000	93000000
chr4	393	394	1	93000000	94000000
chr4	394	395	1	94000000	95000000
chr4	395	396	1	95000000	96000000
chr4	396	397	1	96000000	97000000
chr4	397	398	1	97000000	98000000
chr4	398	399	1	98000000	99000000
chr4	399	400	1	99000000	100000000
