chromosome	source_start	source_end	feature_count	gene_start	gene_end
chr1	0	1	1	0	0
chr1	1	2	1	1	1
chr1	2	3	1	2	2
chr1	3	4	1	3	3
chr1	4	5	1	4	4
chr1	5	6	1	5	5
chr1	6	7	1	6	6
chr1	7	8	1	7	7
chr1	8	9	1	8	8
chr1	9	10	1	9	9
chr1	10	11	1	10	10
chr1	11	12	1	11	11
chr1	12	13	1	12	12
chr1	13	14	1	13	13
chr1	14	15	1	14	14
chr1	15	16	1	15	15
chr1	16	17	1	16	16
chr1	17	18	1	17	17
chr1	18	19	1	18	18
chr1	19	20	1	19	19
chr1	20	21	1	20	20
chr1	21	22	1	21	21
chr1	22	23	1	22	22
chr1	23	24	1	23	23
chr1	24	25	1	24	24
chr1	25	26	1	25	25
chr1	26	27	1	26	26
chr1	27	28	1	27	27
chr1	28	29	1	28	28
chr1	29	30	1	29	29
chr1	30	31	1	30	30
chr1	31	32	1	31	31
chr1	32	33	1	32	32
chr1	33	34	1	33	33
chr1	34	35	1	34	34
chr1	35	36	1	35	35
chr1	36	37	1	36	36
chr1	37	38	1	37	37
chr1	38	39	1	38	38
chr1	39	40	1	39	39
chr1	40	41	1	40	40
chr1	41	42	1	41	41
chr1	42	43	1	42	42
chr1	43	44	1	43	43
chr1	44	45	1	44	44
chr1	45	46	1	45	45
chr1	46	47	1	46	46
chr1	47	48	1	47	47
chr1	48	49	1	48	48
chr1	49	50	1	49	49
chr1	50	51	1	50	50
chr1	51	52	1	51	51
chr1	52	53	1	52	52
chr1	53	54	1	53	53
chr1	54	55	1	54	54
chr1	55	56	1	55	55
chr1	56	57	1	56	56
chr1	57	58	1	57	57
chr1	58	59	1	58	58
chr1	59	60	1	59	59
chr1	60	61	1	60	60
chr1	61	62	1	61	61
chr1	62	63	1	62	62
chr1	63	64	1	63	63
chr1	64	65	1	64	64
chr1	65	66	1	65	65
chr1	66	67	1	66	66
chr1	67	68	1	67	67
chr1	68	69	1	68	68
chr1	69	70	1	69	69
chr1	70	71	1	70	70
chr1	71	72	1	71	71
chr1	72	73	1	72	72
chr1	73	74	1	73	73
chr1	74	75	1	74	74
chr1	75	76	1	75	75
chr1	76	77	1	76	76
chr1	77	78	1	77	77
chr1	78	79	1	78	78
chr1	79	80	1	79	79
chr1	80	81	1	80	80
chr1	81	82	1	81	81
chr1	82	83	1	82	82
chr1	83	84	1	83	83
chr1	84	85	1	84	84
chr1	85	86	1	85	85
chr1	86	87	1	86	86
chr1	87	88	1	87	87
chr1	88	89	1	88	88
chr1	89	90	1	89	89
chr1	90	91	1	90	90
chr1	91	92	1	91	91
chr1	92	93	1	92	92
chr1	93	94	1	93	93
chr1	94	95	1	94	94
chr1	95	96	1	95	95
chr1	96	97	1	96	96
chr1	97	98	1	97	97
chr1	98	99	1	98	98
chr1	99	100	1	99	99
chr2	100	101	1	100	100
chr2	101	102	1	101	101
chr2	102	103	1	102	102
chr2	103	104	1	103	103
chr2	104	105	1	104	104
chr2	105	106	1	105	105
chr2	106	107	1	106	106
chr2	107	108	1	107	107
chr2	108	109	1	108	108
chr2	109	110	1	109	109
chr2	110	111	1	110	110
chr2	111	112	1	111	111
chr2	112	113	1	112	112
chr2	113	114	1	113	113
chr2	114	115	1	114	114
chr2	115	116	1	115	115
chr2	116	117	1	116	116
chr2	117	118	1	117	117
chr2	118	119	1	118	118
chr2	119	120	1	119	119
chr2	120	121	1	120	120
chr2	121	122	1	121	121
chr2	122	123	1	122	122
chr2	123	124	1	123	123
chr2	124	125	1	124	124
chr2	125	126	1	125	125
chr2	126	127	1	126	126
chr2	127	128	1	127	127
chr2	128	129	1	128	128
chr2	129	130	1	129	129
chr2	130	131	1	130	130
chr2	131	132	1	131	131
chr2	132	133	1	132	132
chr2	133	134	1	133	133
chr2	134	135	1	134	134
chr2	135	136	1	135	135
chr2	136	137	1	136	136
chr2	137	138	1	137	137
chr2	138	139	1	138	138
chr2	139	140	1	139	139
chr2	140	141	1	140	140
chr2	141	142	1	141	141
chr2	142	143	1	142	142
chr2	143	144	1	143	143
chr2	144	145	1	144	144
chr2	145	146	1	145	145
chr2	146	147	1	146	146
chr2	147	148	1	147	147
chr2	148	149	1	148	148
chr2	149	150	1	149	149
chr2	150	151	1	150	150
chr2	151	152	1	151	151
chr2	152	153	1	152	152
chr2	153	154	1	153	153
chr2	154	155	1	154	154
chr2	155	156	1	155	155
chr2	156	157	1	156	156
chr2	157	158	1	157	157
chr2	158	159	1	158	158
chr2	159	160	1	159	159
chr2	160	161	1	160	160
chr2	161	162	1	161	161
chr2	162	163	1	162	162
chr2	163	164	1	163	163
chr2	164	165	1	164	164
chr2	165	166	1	165	165
chr2	166	167	1	166	166
chr2	167	168	1	167	167
chr2	168	169	1	168	168
chr2	169	170	1	169	169
chr2	170	171	1	170	170
chr2	171	172	1	171	171
chr2	172	173	1	172	172
chr2	173	174	1	173	173
chr2	174	175	1	174	174
chr2	175	176	1	175	175
chr2	176	177	1	176	176
chr2	177	178	1	177	177
chr2	178	179	1	178	178
chr2	179	180	1	179	179
chr2	180	181	1	180	180
chr2	181	182	1	181	181
chr2	182	183	1	182	182
chr2	183	184	1	183	183
chr2	184	185	1	184	184
chr2	185	186	1	185	185
chr2	186	187	1	186	186
chr2	187	188	1	187	187
chr2	188	189	1	188	188
chr2	189	190	1	189	189
chr2	190	191	1	190	190
chr2	191	192	1	191	191
chr2	192	193	1	192	192
chr2	193	194	1	193	193
chr2	194	195	1	194	194
chr2	195	196	1	195	195
chr2	196	197	1	196	196
chr2	197	198	1	197	197
chr2	198	199	1	198	198
chr2	199	200	1	199	199
chr3	200	201	1	200	200
chr3	201	202	1	201	201
chr3	202	203	1	202	202
chr3	203	204	1	203	203
chr3	204	205	1	204	204
chr3	205	206	1	205	205
chr3	206	207	1	206	206
chr3	207	208	1	207	207
chr3	208	209	1	208	208
chr3	209	210	1	209	209
chr3	210	211	1	210	210
chr3	211	212	1	211	211
chr3	212	213	1	212	212
chr3	213	214	1	213	213
chr3	214	215	1	214	214
chr3	215	216	1	215	215
chr3	216	217	1	216	216
chr3	217	218	1	217	217
chr3	218	219	1	218	218
chr3	219	220	1	219	219
chr3	220	221	1	220	220
chr3	221	222	1	221	221
chr3	222	223	1	222	222
chr3	223	224	1	223	223
chr3	224	225	1	224	224
chr3	225	226	1	225	225
chr3	226	227	1	226	226
chr3	227	228	1	227	227
chr3	228	229	1	228	228
chr3	229	230	1	229	229
chr3	230	231	1	230	230
chr3	231	232	1	231	231
chr3	232	233	1	232	232
chr3	233	234	1	233	233
chr3	234	235	1	234	234
chr3	235	236	1	235	235
chr3	236	237	1	236	236
chr3	237	238	1	237	237
chr3	238	239	1	238	238
chr3	239	240	1	239	239
chr3	240	241	1	240	240
chr3	241	242	1	241	241
chr3	242	243	1	242	242
chr3	243	244	1	243	243
chr3	244	245	1	244	244
chr3	245	246	1	245	245
chr3	246	247	1	246	246
chr3	247	248	1	247	247
chr3	248	249	1	248	248
chr3	249	250	1	249	249
chr3	250	251	1	250	250
chr3	251	252	1	251	251
chr3	252	253	1	252	252
chr3	253	254	1	253	253
chr3	254	255	1	254	254
chr3	255	256	1	255	255
chr3	256	257	1	256	256
chr3	257	258	1	257	257
chr3	258	259	1	258	258
chr3	259	260	1	259	259
chr3	260	261	1	260	260
chr3	261	262	1	261	261
chr3	262	263	1	262	262
chr3	263	264	1	263	263
chr3	264	265	1	264	264
chr3	265	266	1	265	265
chr3	266	267	1	266	266
chr3	267	268	1	267	267
chr3	268	269	1	268	268
chr3	269	270	1	269	269
chr3	270	271	1	270	270
chr3	271	272	1	271	271
chr3	272	273	1	272	272
chr3	273	274	1	273	273
chr3	274	275	1	274	274
chr3	275	276	1	275	275
chr3	276	277	1	276	276
chr3	277	278	1	277	277
chr3	278	279	1	278	278
chr3	279	280	1	279	279
chr3	280	281	1	280	280
chr3	281	282	1	281	281
chr3	282	283	1	282	282
chr3	283	284	1	283	283
chr3	284	285	1	284	284
chr3	285	286	1	285	285
chr3	286	287	1	286	286
chr3	287	288	1	287	287
chr3	288	289	1	288	288
chr3	289	290	1	289	289
chr3	290	291	1	290	290
chr3	291	292	1	291	291
chr3	292	293	1	292	292
chr3	293	294	1	293	293
chr3	294	295	1	294	294
chr3	295	296	1	295	295
chr3	296	297	1	296	296
chr3	297	298	1	297	297
chr3	298	299	1	298	298
chr3	299	300	1	299	299
chr4	300	301	1	300	300
chr4	301	302	1	301	301
chr4	302	303	1	302	302
chr4	303	304	1	303	303
chr4	304	305	1	304	304
chr4	305	306	1	305	305
chr4	306	307	1	306	306
chr4	307	308	1	307	307
chr4	308	309	1	308	308
chr4	309	310	1	309	309
chr4	310	311	1	310	310
chr4	311	312	1	311	311
chr4	312	313	1	312	312
chr4	313	314	1	313	313
chr4	314	315	1	314	314
chr4	315	316	1	315	315
chr4	316	317	1	316	316
chr4	317	318	1	317	317
chr4	318	319	1	318	318
chr4	319	320	1	319	319
chr4	320	321	1	320	320
chr4	321	322	1	321	321
chr4	322	323	1	322	322
chr4	323	324	1	323	323
chr4	324	325	1	324	324
chr4	325	326	1	325	325
chr4	326	327	1	326	326
chr4	327	328	1	327	327
chr4	328	329	1	328	328
chr4	329	330	1	329	329
chr4	330	331	1	330	330
chr4	331	332	1	331	331
chr4	332	333	1	332	332
chr4	333	334	1	333	333
chr4	334	335	1	334	334
chr4	335	336	1	335	335
chr4	336	337	1	336	336
chr4	337	338	1	337	337
chr4	338	339	1	338	338
chr4	339	340	1	339	339
chr4	340	341	1	340	340
chr4	341	342	1	341	341
chr4	342	343	1	342	342
chr4	343	344	1	343	343
chr4	344	345	1	344	344
chr4	345	346	1	345	345
chr4	346	347	1	346	346
chr4	347	348	1	347	347
chr4	348	349	1	348	348
chr4	349	350	1	349	349
chr4	350	351	1	350	350
chr4	351	352	1	351	351
chr4	352	353	1	352	352
chr4	353	354	1	353	353
chr4	354	355	1	354	354
chr4	355	356	1	355	355
chr4	356	357	1	356	356
chr4	357	358	1	357	357
chr4	358	359	1	358	358
chr4	359	360	1	359	359
chr4	360	361	1	360	360
chr4	361	362	1	361	361
chr4	362	363	1	362	362
chr4	363	364	1	363	363
chr4	364	365	1	364	364
chr4	365	366	1	365	365
chr4	366	367	1	366	366
chr4	367	368	1	367	367
chr4	368	369	1	368	368
chr4	369	370	1	369	369
chr4	370	371	1	370	370
chr4	371	372	1	371	371
chr4	372	373	1	372	372
chr4	373	374	1	373	373
chr4	374	375	1	374	374
chr4	375	376	1	375	375
chr4	376	377	1	376	376
chr4	377	378	1	377	377
chr4	378	379	1	378	378
chr4	379	380	1	379	379
chr4	380	381	1	380	380
chr4	381	382	1	381	381
chr4	382	383	1	382	382
chr4	383	384	1	383	383
chr4	384	385	1	384	384
chr4	385	386	1	385	385
chr4	386	387	1	386	386
chr4	387	388	1	387	387
chr4	388	389	1	388	388
chr4	389	390	1	389	389
chr4	390	391	1	390	390
chr4	391	392	1	391	391
chr4	392	393	1	392	392
chr4	393	394	1	393	393
chr4	394	395	1	394	394
chr4	395	396	1	395	395
chr4	396	397	1	396	396
chr4	397	398	1	397	397
chr4	398	399	1	398	398
chr4	399	400	1	399	399
