cell	group	x	y	cnv_score	cnv_fraction	sccnvmap.pred	copykat.pred	prob_aneuploid
spot_00	__sccnvmap_auto_reference__	0	0	0.0400	0.0000	diploid	diploid	0.0100
spot_01	__sccnvmap_auto_reference__	1	0	0.0400	0.0000	diploid	diploid	0.0100
spot_02	__sccnvmap_auto_reference__	2	0	0.0400	0.0000	diploid	diploid	0.0100
spot_03	__sccnvmap_auto_reference__	3	0	0.0400	0.0000	diploid	diploid	0.0100
spot_04	__sccnvmap_auto_reference__	4	0	0.0400	0.0000	diploid	diploid	0.0100
spot_05	__sccnvmap_auto_reference__	5	0	0.0400	0.0000	diploid	diploid	0.0100
spot_06	__sccnvmap_auto_reference__	0	1	0.0400	0.0000	diploid	diploid	0.0100
spot_07	Observation	1	1	0.8200	0.5000	aneuploid	aneuploid	0.9900
spot_08	Observation	2	1	0.8200	0.5000	aneuploid	aneuploid	0.9900
spot_09	Observation	3	1	0.8200	0.5000	aneuploid	aneuploid	0.9900
spot_10	Observation	4	1	0.8200	0.5000	aneuploid	aneuploid	0.9900
spot_11	__sccnvmap_auto_reference__	5	1	0.0400	0.0000	diploid	diploid	0.0100
spot_12	__sccnvmap_auto_reference__	0	2	0.0400	0.0000	diploid	diploid	0.0100
spot_13	Observation	1	2	0.8200	0.5000	aneuploid	aneuploid	0.9900
spot_14	Observation	2	2	0.8200	0.5000	aneuploid	aneuploid	0.9900
spot_15	Observation	3	2	0.8200	0.5000	aneuploid	aneuploid	0.9900
spot_16	Observation	4	2	0.8200	0.5000	aneuploid	aneuploid	0.9900
spot_17	__sccnvmap_auto_reference__	5	2	0.0400	0.0000	diploid	diploid	0.0100
spot_18	__sccnvmap_auto_reference__	0	3	0.0400	0.0000	diploid	diploid	0.0100
spot_19	Observation	1	3	0.8200	0.5000	aneuploid	aneuploid	0.9900
spot_20	Observation	2	3	0.8200	0.5000	aneuploid	aneuploid	0.9900
spot_21	Observation	3	3	0.8200	0.5000	aneuploid	aneuploid	0.9900
spot_22	Observation	4	3	0.8200	0.5000	aneuploid	aneuploid	0.9900
spot_23	__sccnvmap_auto_reference__	5	3	0.0400	0.0000	diploid	diploid	0.0100
spot_24	__sccnvmap_auto_reference__	0	4	0.0400	0.0000	diploid	diploid	0.0100
spot_25	Observation	1	4	0.8200	0.5000	aneuploid	aneuploid	0.9900
spot_26	Observation	2	4	0.8200	0.5000	aneuploid	aneuploid	0.9900
spot_27	Observation	3	4	0.8200	0.5000	aneuploid	aneuploid	0.9900
spot_28	Observation	4	4	0.8200	0.5000	aneuploid	aneuploid	0.9900
spot_29	__sccnvmap_auto_reference__	5	4	0.0400	0.0000	diploid	diploid	0.0100
spot_30	__sccnvmap_auto_reference__	0	5	0.0400	0.0000	diploid	diploid	0.0100
spot_31	__sccnvmap_auto_reference__	1	5	0.0400	0.0000	diploid	diploid	0.0100
spot_32	__sccnvmap_auto_reference__	2	5	0.0400	0.0000	diploid	diploid	0.0100
spot_33	__sccnvmap_auto_reference__	3	5	0.0400	0.0000	diploid	diploid	0.0100
spot_34	__sccnvmap_auto_reference__	4	5	0.0400	0.0000	diploid	diploid	0.0100
spot_35	__sccnvmap_auto_reference__	5	5	0.0400	0.0000	diploid	diploid	0.0100
