cell	role	counted_fragments	raw_bins_covered	raw_bin_coverage_fraction
R1	reference	1100	24	1.0
R2	reference	1100	24	1.0
R3	reference	1100	24	1.0
R4	reference	1100	24	1.0
R5	reference	1100	24	1.0
R6	reference	1100	24	1.0
R7	reference	1100	24	1.0
R8	reference	1100	24	1.0
R9	reference	1100	24	1.0
R10	reference	1100	24	1.0
R11	reference	1100	24	1.0
R12	reference	1100	24	1.0
O1	observation	1200	24	1.0
O2	observation	1200	24	1.0
O3	observation	1200	24	1.0
O4	observation	1200	24	1.0
O5	observation	1200	24	1.0
O6	observation	1200	24	1.0
O7	observation	1200	24	1.0
O8	observation	1200	24	1.0
O9	observation	1200	24	1.0
O10	observation	1200	24	1.0
O11	observation	1200	24	1.0
O12	observation	1200	24	1.0
O13	observation	1200	24	1.0
O14	observation	1200	24	1.0
O15	observation	1200	24	1.0
O16	observation	1200	24	1.0
O17	observation	1200	24	1.0
O18	observation	1200	24	1.0
O19	observation	1200	24	1.0
O20	observation	1200	24	1.0
O21	observation	1200	24	1.0
O22	observation	1200	24	1.0
O23	observation	1200	24	1.0
O24	observation	1200	24	1.0
