cell	group	n_genes_gained	n_genes_lost	n_genes_cnv	cnv_fraction	gain_fraction	loss_fraction	n_chrs_aberrant
R1	Normal	0	0	0	0.0000	0.0000	0.0000	0
R2	Normal	0	0	0	0.0000	0.0000	0.0000	0
R3	Normal	0	0	0	0.0000	0.0000	0.0000	0
R4	Normal	0	0	0	0.0000	0.0000	0.0000	0
R5	Normal	0	0	0	0.0000	0.0000	0.0000	0
R6	Normal	0	0	0	0.0000	0.0000	0.0000	0
R7	Normal	0	0	0	0.0000	0.0000	0.0000	0
R8	Normal	0	0	0	0.0000	0.0000	0.0000	0
R9	Normal	0	0	0	0.0000	0.0000	0.0000	0
R10	Normal	0	0	0	0.0000	0.0000	0.0000	0
R11	Normal	0	0	0	0.0000	0.0000	0.0000	0
R12	Normal	0	0	0	0.0000	0.0000	0.0000	0
O1	Tumor	80	80	160	0.4000	0.2000	0.2000	2
O2	Tumor	80	80	160	0.4000	0.2000	0.2000	2
O3	Tumor	80	80	160	0.4000	0.2000	0.2000	2
O4	Tumor	80	80	160	0.4000	0.2000	0.2000	2
O5	Tumor	80	80	160	0.4000	0.2000	0.2000	2
O6	Tumor	80	80	160	0.4000	0.2000	0.2000	2
O7	Tumor	80	80	160	0.4000	0.2000	0.2000	2
O8	Tumor	80	80	160	0.4000	0.2000	0.2000	2
O9	Tumor	80	80	160	0.4000	0.2000	0.2000	2
O10	Tumor	80	80	160	0.4000	0.2000	0.2000	2
O11	Tumor	80	80	160	0.4000	0.2000	0.2000	2
O12	Tumor	80	80	160	0.4000	0.2000	0.2000	2
O13	Tumor	80	80	160	0.4000	0.2000	0.2000	2
O14	Tumor	80	80	160	0.4000	0.2000	0.2000	2
O15	Tumor	80	80	160	0.4000	0.2000	0.2000	2
O16	Tumor	80	80	160	0.4000	0.2000	0.2000	2
O17	Tumor	80	80	160	0.4000	0.2000	0.2000	2
O18	Tumor	80	80	160	0.4000	0.2000	0.2000	2
O19	Tumor	80	80	160	0.4000	0.2000	0.2000	2
O20	Tumor	80	80	160	0.4000	0.2000	0.2000	2
O21	Tumor	80	80	160	0.4000	0.2000	0.2000	2
O22	Tumor	80	80	160	0.4000	0.2000	0.2000	2
O23	Tumor	80	80	160	0.4000	0.2000	0.2000	2
O24	Tumor	80	80	160	0.4000	0.2000	0.2000	2
